Top queries,Clicks,Impressions,CTR,Position
mzansi llm,1,9,11.11%,9.33
espazza co za,0,31,0%,9.23
espazza,0,25,0%,6.64
site:www.qwabi.co.za,0,21,0%,1
paystack south africa pricing transaction fees 2026,0,12,0%,10.17
espazza.co.za,0,7,0%,7.71
hire ramda developers,0,7,0%,38
xhosa names,0,5,0%,21.2
lugcobo meaning,0,4,0%,1
qengeba clan names,0,4,0%,1
qwabe brothers,0,3,0%,1
best go libraries for building ai agents 2026,0,3,0%,2.33
amaqithi,0,3,0%,8
kgabi legacy,0,3,0%,11.67
careertag.co.za,0,3,0%,15.67
qwabe clan names south africa,0,2,0%,23.5
xhosa baby names,0,2,0%,25.5
sa payment gateways,0,2,0%,28.5
bulhoek massacre,0,2,0%,35.5
xhosa male names,0,2,0%,56.5
amanqabe clan,0,1,0%,1
big five game lodge,0,1,0%,1
game reserves near me,0,1,0%,1
nobetha clan,0,1,0%,1
paystack percentage,0,1,0%,1
software engineer,0,1,0%,1
things to do on mother's day,0,1,0%,1
qwibi,0,1,0%,5
ayabonga meaning,0,1,0%,7
best platforms for building ai agents 2026,0,1,0%,9
wabico,0,1,0%,9
best python libraries for building ai agents 2025 2026,0,1,0%,10
mthobeli,0,1,0%,10
ayabonga name meaning,0,1,0%,11
paystack south africa transaction fees 2026,0,1,0%,12
blessing in xhosa name,0,1,0%,13
meaning of ayabonga,0,1,0%,13
supabasae,0,1,0%,16
prophet ntsikana,0,1,0%,28
gunfire reported inurl:blog,0,1,0%,30
xhosa name meaning,0,1,0%,36
scarce xhosa names,0,1,0%,37
nice xhosa names,0,1,0%,38
xhosa names and meanings,0,1,0%,40
qwabi,0,1,0%,41
ntsikana,0,1,0%,42
mastra supabase,0,1,0%,43
rare xhosa boy names,0,1,0%,46
uncommon xhosa baby names,0,1,0%,55
unique xhosa names,0,1,0%,59
web designer grahamstown,0,1,0%,65
xhosa names for boys,0,1,0%,66